Age at Diagnosis,"All Races (Rate per 100,000)",All Races (Number of Cases),"Asian / Pacific Islander (Rate per 100,000)",Asian / Pacific Islander (Number of Cases),"Non-Hispanic Black (Rate per 100,000)",Non-Hispanic Black (Number of Cases),"Hispanic (Rate per 100,000)",Hispanic (Number of Cases),"Non-Hispanic White (Rate per 100,000)",Non-Hispanic White (Number of Cases),Cancer Type
<1,2.9,65,*a,*a,*a,*a,2.4,27.0,3.6,23.0,Brain Cancer
1-4,3.7,344,3.1,45,4.2,24,3.3,155.0,4.2,111.0,Brain Cancer
5-9,2.8,343,2.4,42,2.4,18,2.6,163.0,3.4,115.0,Brain Cancer
10-14,2.4,315,1.7,29,2.4,19,2.1,144.0,3.2,114.0,Brain Cancer
15-19,1.7,219,1.8,33,*a,*a,1.3,89.0,2.1,80.0,Brain Cancer
20-24,1.8,246,1.5,29,*a,*a,1.7,113.0,2.3,92.0,Brain Cancer
25-29,2.3,345,1.4,33,1.6,17,2.1,138.0,3.1,149.0,Brain Cancer
30-34,3.0,434,2.3,60,1.6,15,2.1,127.0,4.3,221.0,Brain Cancer
35-39,3.3,457,2.1,53,2.8,23,2.6,146.0,4.6,224.0,Brain Cancer
40-44,4.1,522,3.3,75,2.8,21,3.2,169.0,5.8,251.0,Brain Cancer
45-49,5.2,654,3.4,79,4.9,37,4.5,221.0,6.5,298.0,Brain Cancer
50-54,6.5,810,4.1,86,5.1,41,6.0,269.0,7.9,402.0,Brain Cancer
55-59,9.6,"1,197",5.4,109,7.7,64,8.0,305.0,12.1,699.0,Brain Cancer
60-64,12.5,"1,422",7.0,130,8.3,60,10.2,304.0,16.0,912.0,Brain Cancer
65-69,14.6,"1,366",7.2,115,10.6,58,12.3,265.0,18.0,908.0,Brain Cancer
70-74,17.9,"1,311",8.8,106,11.8,46,16.4,243.0,21.5,906.0,Brain Cancer
75-79,19.9,977,9.7,77,11.9,31,16.1,154.0,24.7,707.0,Brain Cancer
80-84,20.7,686,11.0,62,11.7,21,22.5,145.0,23.5,448.0,Brain Cancer
85+,18.2,659,14.7,91,11.8,20,14.9,96.0,20.6,448.0,Brain Cancer
<1,*a,*a,*a,*a,*a,*a,*a,*a,*a,*a,Bone Cancer
1-4,0.2,19,*a,*a,*a,*a,*a,*a,*a,*a,Bone Cancer
5-9,0.6,77,*a,*a,*a,*a,0.7,43,0.7,22,Bone Cancer
10-14,1.5,192,1.1,18,*a,*a,1.3,89,2.0,69,Bone Cancer
15-19,1.2,163,1.2,21,2.1,17,1.1,73,1.3,48,Bone Cancer
20-24,0.9,123,0.8,15,*a,*a,0.9,60,0.9,37,Bone Cancer
25-29,0.7,109,*a,*a,*a,*a,0.8,50,0.7,36,Bone Cancer
30-34,0.6,87,*a,*a,*a,*a,0.4,26,0.8,43,Bone Cancer
35-39,0.6,84,*a,*a,*a,*a,0.5,31,0.7,36,Bone Cancer
40-44,0.6,80,*a,*a,*a,*a,0.6,34,0.6,27,Bone Cancer
45-49,0.8,103,*a,*a,*a,*a,1.0,50,0.9,39,Bone Cancer
50-54,0.7,87,*a,*a,*a,*a,0.7,30,0.8,39,Bone Cancer
55-59,1.0,127,0.8,17,*a,*a,0.8,30,1.2,71,Bone Cancer
60-64,1.4,155,1.2,23,*a,*a,1.3,39,1.4,82,Bone Cancer
65-69,1.6,146,0.9,15,*a,*a,1.2,25,1.8,92,Bone Cancer
70-74,1.7,127,1.5,18,*a,*a,1.4,21,2.0,84,Bone Cancer
75-79,1.8,89,*a,*a,*a,*a,1.7,16,2.1,59,Bone Cancer
80-84,2.5,83,*a,*a,*a,*a,2.3,15,2.8,54,Bone Cancer
85+,3.1,113,2.4,15,*a,*a,2.3,15,3.6,78,Bone Cancer
<1,*a,*a,*a,*a,*a,*a,*a,*a,*a,*a,Breast Cancer
1-4,*a,*a,*a,*a,*a,*a,*a,*a,*a,*a,Breast Cancer
5-9,*a,*a,*a,*a,*a,*a,*a,*a,*a,*a,Breast Cancer
10-14,*a,*a,*a,*a,*a,*a,*a,*a,*a,*a,Breast Cancer
15-19,*a,*a,*a,*a,*a,*a,*a,*a,*a,*a,Breast Cancer
20-24,1.4,94,1.6,15,*a,*a,1.3,41,1.4,27,Breast Cancer
25-29,9.8,703,8.6,104,15.9,79,8.9,282,9.8,226,Breast Cancer
30-34,28.8,"2,039",29.4,391,30.3,138,24.6,698,31.7,770,Breast Cancer
35-39,62.4,"4,208",65.9,856,68.3,273,51.2,"1,387",69.4,"1,598",Breast Cancer
40-44,127.9,"7,978",150.5,"1,832",116.5,428,100.9,"2,581",143.2,"2,955",Breast Cancer
45-49,193.4,"12,076",228.5,"2,785",167.6,621,148.2,"3,601",221.0,"4,848",Breast Cancer
50-54,229.5,"14,213",243.3,"2,702",220.7,879,183.2,"3,987",256.7,"6,353",Breast Cancer
55-59,260.4,"16,342",261.9,"2,827",268.5,"1,129",208.2,"3,942",284.0,"8,077",Breast Cancer
60-64,326.3,"18,906",302.2,"3,047",332.6,"1,246",264.9,"4,049",357.3,"10,168",Breast Cancer
65-69,402.2,"19,785",333.5,"2,925",401.6,"1,184",321.1,"3,657",449.8,"11,597",Breast Cancer
70-74,460.8,"18,123",352.9,"2,364",486.7,"1,071",348.7,"2,829",519.9,"11,483",Breast Cancer
75-79,434.1,"11,757",290.6,"1,295",432.5,660,297.0,"1,631",512.7,"7,928",Breast Cancer
80-84,408.1,"7,773",255.0,833,452.7,491,279.1,"1,074",486.4,"5,234",Breast Cancer
85+,309.4,"7,182",165.5,654,325.5,372,215.8,902,368.7,"5,106",Breast Cancer
<1,*a,*a,*a,*a,*a,*a,*a,*a,*a,*a,Cervical Cancer
1-4,*a,*a,*a,*a,*a,*a,*a,*a,*a,*a,Cervical Cancer
5-9,*a,*a,*a,*a,*a,*a,*a,*a,*a,*a,Cervical Cancer
10-14,*a,*a,*a,*a,*a,*a,*a,*a,*a,*a,Cervical Cancer
15-19,*a,*a,*a,*a,*a,*a,*a,*a,*a,*a,Cervical Cancer
20-24,0.4,24,*a,*a,*a,*a,0.5,16,*a,*a,Cervical Cancer
25-29,3.3,236,2.1,25,*a,*a,3.2,100,3.8,89,Cervical Cancer
30-34,10.6,749,7.1,95,7.0,32,12.1,343,10.4,254,Cervical Cancer
35-39,13.4,903,8.8,114,10.3,41,15.4,417,13.2,304,Cervical Cancer
40-44,14.6,909,10.2,124,13.6,50,17.0,435,13.5,278,Cervical Cancer
45-49,13.8,862,13.9,169,11.6,43,16.3,396,10.9,239,Cervical Cancer
50-54,12.1,747,12.2,135,10.3,41,14.0,304,10.3,254,Cervical Cancer
55-59,11.5,723,11.0,119,10.5,44,14.2,268,9.8,280,Cervical Cancer
60-64,10.8,625,12.4,125,10.1,38,13.1,201,8.7,248,Cervical Cancer
65-69,9.8,483,11.7,103,12.9,38,13.3,152,7.1,184,Cervical Cancer
70-74,10.4,408,10.0,67,9.1,20,15.9,129,8.6,189,Cervical Cancer
75-79,10.9,294,11.2,50,13.8,21,15.5,85,8.7,134,Cervical Cancer
80-84,10.9,207,12.2,40,*a,*a,19.2,74,7.2,77,Cervical Cancer
85+,8.1,187,9.1,36,*a,*a,14.6,61,5.3,73,Cervical Cancer
<1,*a,*a,*a,*a,*a,*a,*a,*a,*a,*a,Colon Cancer
1-4,*a,*a,*a,*a,*a,*a,*a,*a,*a,*a,Colon Cancer
5-9,*a,*a,*a,*a,*a,*a,*a,*a,*a,*a,Colon Cancer
10-14,0.5,31,*a,*a,*a,*a,0.5,17,*a,*a,Colon Cancer
15-19,1.3,81,*a,*a,*a,*a,1.1,37,1.9,34,Colon Cancer
20-24,1.6,102,*a,*a,*a,*a,1.7,55,1.5,29,Colon Cancer
25-29,2.5,179,1.8,22,*a,*a,2.4,76,2.9,68,Colon Cancer
30-34,4.3,304,2.9,38,4.2,19,4.5,128,4.7,114,Colon Cancer
35-39,7.1,479,4.2,54,7.0,28,7.3,197,8.0,185,Colon Cancer
40-44,11.9,741,10.4,126,12.0,44,11.7,298,12.4,256,Colon Cancer
45-49,19.0,"1,186",20.5,250,22.4,83,16.7,405,19.1,418,Colon Cancer
50-54,31.9,"1,976",31.5,350,38.9,155,30.5,664,31.3,775,Colon Cancer
55-59,32.8,"2,059",30.9,334,44.0,185,32.3,612,30.6,869,Colon Cancer
60-64,44.3,"2,564",38.7,390,61.7,231,41.7,638,43.7,"1,244",Colon Cancer
65-69,58.6,"2,881",50.8,446,89.2,263,58.3,664,55.7,"1,435",Colon Cancer
70-74,78.6,"3,090",64.3,431,99.5,219,75.2,610,79.5,"1,756",Colon Cancer
75-79,101.2,"2,741",82.3,367,140.9,215,82.8,455,107.0,"1,655",Colon Cancer
80-84,145.5,"2,771",112.3,367,159.5,173,108.9,419,165.4,"1,780",Colon Cancer
85+,176.9,"4,106",136.9,541,175.0,200,144.3,603,196.7,"2,724",Colon Cancer
<1,*a,*a,*a,*a,*a,*a,*a,*a,*a,*a,Rectum Cancer
1-4,*a,*a,*a,*a,*a,*a,*a,*a,*a,*a,Rectum Cancer
5-9,*a,*a,*a,*a,*a,*a,*a,*a,*a,*a,Rectum Cancer
10-14,*a,*a,*a,*a,*a,*a,*a,*a,*a,*a,Rectum Cancer
15-19,*a,*a,*a,*a,*a,*a,*a,*a,*a,*a,Rectum Cancer
20-24,0.4,23,*a,*a,*a,*a,*a,*a,*a,*a,Rectum Cancer
25-29,0.8,56,*a,*a,*a,*a,0.8,25,0.8,19,Rectum Cancer
30-34,2.4,170,1.5,20,*a,*a,2.8,79,2.4,59,Rectum Cancer
35-39,3.9,260,3.2,41,4.8,19,4.0,109,3.9,89,Rectum Cancer
40-44,6.9,429,5.8,70,6.8,25,5.7,146,8.3,171,Rectum Cancer
45-49,11.5,719,9.6,117,13.5,50,10.5,254,12.6,276,Rectum Cancer
50-54,20.6,"1,277",21.5,239,16.8,67,18.0,392,21.2,525,Rectum Cancer
55-59,18.6,"1,168",17.3,187,17.6,74,17.0,322,18.9,538,Rectum Cancer
60-64,21.9,"1,268",19.5,197,17.1,64,24.5,375,20.9,595,Rectum Cancer
65-69,24.8,"1,222",22.6,198,30.2,89,24.3,277,23.9,615,Rectum Cancer
70-74,24.2,952,20.5,137,23.6,52,24.3,197,24.3,537,Rectum Cancer
75-79,26.7,723,29.6,132,21.6,33,24.8,136,26.0,402,Rectum Cancer
80-84,32.3,616,34.6,113,28.6,31,26.0,100,33.6,362,Rectum Cancer
85+,32.4,753,29.6,117,30.6,35,27.8,116,34.2,473,Rectum Cancer
<1,*a,*a,*a,*a,*a,*a,*a,*a,*a,*a,Esophagus Cancer
1-4,*a,*a,*a,*a,*a,*a,*a,*a,*a,*a,Esophagus Cancer
5-9,*a,*a,*a,*a,*a,*a,*a,*a,*a,*a,Esophagus Cancer
10-14,*a,*a,*a,*a,*a,*a,*a,*a,*a,*a,Esophagus Cancer
15-19,*a,*a,*a,*a,*a,*a,*a,*a,*a,*a,Esophagus Cancer
20-24,*a,*a,*a,*a,*a,*a,*a,*a,*a,*a,Esophagus Cancer
25-29,*a,*a,*a,*a,*a,*a,*a,*a,*a,*a,Esophagus Cancer
30-34,*a,*a,*a,*a,*a,*a,*a,*a,*a,*a,Esophagus Cancer
35-39,*a,*a,*a,*a,*a,*a,*a,*a,*a,*a,Esophagus Cancer
40-44,*a,*a,*a,*a,*a,*a,*a,*a,*a,*a,Esophagus Cancer
45-49,0.5,30,*a,*a,*a,*a,*a,*a,*a,*a,Esophagus Cancer
50-54,1.0,60,*a,*a,*a,*a,*a,*a,1.5,37,Esophagus Cancer
55-59,2.5,154,1.4,15,5.5,23,1.3,25,3.1,87,Esophagus Cancer
60-64,3.7,213,2.2,22,4.0,15,2.3,35,4.8,136,Esophagus Cancer
65-69,5.8,283,2.4,21,6.4,19,4.0,45,7.4,192,Esophagus Cancer
70-74,6.9,270,4.2,28,8.2,18,3.9,32,8.5,187,Esophagus Cancer
75-79,9.1,246,5.4,24,*a,*a,5.6,31,11.2,173,Esophagus Cancer
80-84,10.9,207,6.1,20,*a,*a,8.1,31,13.1,141,Esophagus Cancer
85+,11.5,268,9.4,37,*a,*a,8.6,36,13.4,186,Esophagus Cancer
<1,*a,*a,*a,*a,*a,*a,*a,*a,*a,*a,Gallbladder Cancer
1-4,*a,*a,*a,*a,*a,*a,*a,*a,*a,*a,Gallbladder Cancer
5-9,*a,*a,*a,*a,*a,*a,*a,*a,*a,*a,Gallbladder Cancer
10-14,*a,*a,*a,*a,*a,*a,*a,*a,*a,*a,Gallbladder Cancer
15-19,*a,*a,*a,*a,*a,*a,*a,*a,*a,*a,Gallbladder Cancer
20-24,*a,*a,*a,*a,*a,*a,*a,*a,*a,*a,Gallbladder Cancer
25-29,*a,*a,*a,*a,*a,*a,*a,*a,*a,*a,Gallbladder Cancer
30-34,*a,*a,*a,*a,*a,*a,*a,*a,*a,*a,Gallbladder Cancer
35-39,0.3,17,*a,*a,*a,*a,*a,*a,*a,*a,Gallbladder Cancer
40-44,0.6,39,*a,*a,*a,*a,1.3,32,*a,*a,Gallbladder Cancer
45-49,0.9,54,*a,*a,*a,*a,1.7,42,*a,*a,Gallbladder Cancer
50-54,1.9,119,1.4,15,*a,*a,3.4,74,0.8,21,Gallbladder Cancer
55-59,2.8,175,2.8,30,*a,*a,4.7,89,1.5,43,Gallbladder Cancer
60-64,3.6,209,3.2,32,4.0,15,7.0,107,1.9,53,Gallbladder Cancer
65-69,5.2,255,5.0,44,6.4,19,9.1,104,3.3,84,Gallbladder Cancer
70-74,7.6,297,7.0,47,8.6,19,12.8,104,5.7,125,Gallbladder Cancer
75-79,8.7,236,7.6,34,13.8,21,14.4,79,6.4,99,Gallbladder Cancer
80-84,12.1,230,12.5,41,*a,*a,18.2,70,9.9,106,Gallbladder Cancer
85+,9.8,228,11.4,45,*a,*a,14.4,60,8.4,117,Gallbladder Cancer
<1,*a,*a,*a,*a,*a,*a,*a,*a,*a,*a,Hodgkin Lymphoma
1-4,*a,*a,*a,*a,*a,*a,*a,*a,*a,*a,Hodgkin Lymphoma
5-9,*a,*a,*a,*a,*a,*a,*a,*a,*a,*a,Hodgkin Lymphoma
10-14,0.8,49,*a,*a,*a,*a,0.5,18,1.1,18,Hodgkin Lymphoma
15-19,3.1,196,1.8,16,*a,*a,2.4,78,4.9,88,Hodgkin Lymphoma
20-24,3.4,223,2.3,21,5.1,22,2.6,85,4.5,87,Hodgkin Lymphoma
25-29,3.4,242,2.6,31,*a,*a,2.5,78,4.9,114,Hodgkin Lymphoma
30-34,2.5,178,1.2,16,*a,*a,1.5,42,4.0,97,Hodgkin Lymphoma
35-39,2.3,156,1.5,19,*a,*a,1.4,38,3.8,87,Hodgkin Lymphoma
40-44,1.7,103,1.2,15,*a,*a,1.0,26,2.5,51,Hodgkin Lymphoma
45-49,1.6,98,*a,*a,4.0,15,1.2,28,2.0,44,Hodgkin Lymphoma
50-54,1.2,72,*a,*a,*a,*a,1.1,24,1.3,31,Hodgkin Lymphoma
55-59,1.5,93,*a,*a,*a,*a,1.3,24,1.8,50,Hodgkin Lymphoma
60-64,1.9,109,1.6,16,*a,*a,2.6,40,1.6,45,Hodgkin Lymphoma
65-69,2.1,103,*a,*a,*a,*a,3.1,35,2.1,55,Hodgkin Lymphoma
70-74,2.4,94,*a,*a,*a,*a,2.7,22,2.5,56,Hodgkin Lymphoma
75-79,3.2,87,*a,*a,*a,*a,3.5,19,3.9,60,Hodgkin Lymphoma
80-84,3.4,64,*a,*a,*a,*a,6.0,23,3.5,38,Hodgkin Lymphoma
85+,2.7,63,*a,*a,*a,*a,4.5,19,2.9,40,Hodgkin Lymphoma
<1,*a,*a,*a,*a,*a,*a,*a,*a,*a,*a,Kidney Cancer
1-4,1.7,76,*a,*a,*a,*a,1.5,34,2.0,26,Kidney Cancer
5-9,0.7,42,*a,*a,*a,*a,0.5,15,0.9,15,Kidney Cancer
10-14,*a,*a,*a,*a,*a,*a,*a,*a,*a,*a,Kidney Cancer
15-19,*a,*a,*a,*a,*a,*a,*a,*a,*a,*a,Kidney Cancer
20-24,0.6,41,*a,*a,*a,*a,0.6,20,*a,*a,Kidney Cancer
25-29,1.2,83,*a,*a,*a,*a,1.3,40,1.1,26,Kidney Cancer
30-34,2.2,155,1.1,15,*a,*a,3.0,85,1.6,39,Kidney Cancer
35-39,3.8,254,*a,*a,3.8,15,5.1,138,3.7,86,Kidney Cancer
40-44,7.2,447,3.1,38,7.9,29,10.4,267,5.0,103,Kidney Cancer
45-49,10.1,630,5.1,62,10.3,38,13.0,316,9.0,198,Kidney Cancer
50-54,15.0,926,8.0,89,13.3,53,20.5,446,13.1,324,Kidney Cancer
55-59,20.1,"1,262",12.9,139,21.2,89,27.6,522,16.9,481,Kidney Cancer
60-64,26.8,"1,550",14.0,141,33.1,124,36.2,553,24.6,699,Kidney Cancer
65-69,34.0,"1,670",18.7,164,53.9,159,43.1,491,31.3,808,Kidney Cancer
70-74,38.2,"1,504",22.2,149,51.8,114,52.0,422,36.2,799,Kidney Cancer
75-79,40.5,"1,096",20.9,93,61.6,94,53.2,292,38.8,600,Kidney Cancer
80-84,39.5,752,21.7,71,55.3,60,50.2,193,39.1,421,Kidney Cancer
85+,33.2,771,17.5,69,35.9,41,41.6,174,35.0,484,Kidney Cancer
<1,*a,*a,*a,*a,*a,*a,*a,*a,*a,*a,Larynx Cancer
1-4,*a,*a,*a,*a,*a,*a,*a,*a,*a,*a,Larynx Cancer
5-9,*a,*a,*a,*a,*a,*a,*a,*a,*a,*a,Larynx Cancer
10-14,*a,*a,*a,*a,*a,*a,*a,*a,*a,*a,Larynx Cancer
15-19,*a,*a,*a,*a,*a,*a,*a,*a,*a,*a,Larynx Cancer
20-24,*a,*a,*a,*a,*a,*a,*a,*a,*a,*a,Larynx Cancer
25-29,*a,*a,*a,*a,*a,*a,*a,*a,*a,*a,Larynx Cancer
30-34,*a,*a,*a,*a,*a,*a,*a,*a,*a,*a,Larynx Cancer
35-39,*a,*a,*a,*a,*a,*a,*a,*a,*a,*a,Larynx Cancer
40-44,*a,*a,*a,*a,*a,*a,*a,*a,*a,*a,Larynx Cancer
45-49,0.3,19,*a,*a,*a,*a,*a,*a,*a,*a,Larynx Cancer
50-54,0.6,38,*a,*a,*a,*a,*a,*a,0.8,21,Larynx Cancer
55-59,1.3,84,*a,*a,*a,*a,*a,*a,2.1,59,Larynx Cancer
60-64,1.7,98,*a,*a,*a,*a,1.5,23,2.0,58,Larynx Cancer
65-69,2.4,118,*a,*a,*a,*a,*a,*a,3.3,84,Larynx Cancer
70-74,2.5,98,*a,*a,*a,*a,1.8,15,3.0,66,Larynx Cancer
75-79,2.4,65,*a,*a,*a,*a,*a,*a,2.7,42,Larynx Cancer
80-84,2.8,53,*a,*a,*a,*a,*a,*a,3.4,37,Larynx Cancer
85+,2.5,57,*a,*a,*a,*a,*a,*a,2.4,33,Larynx Cancer
<1,3.9,42,*a,*a,*a,*a,4.0,22.0,*a,*a,Leukemia
1-4,8.9,410,7.0,48,*a,*a,9.1,211.0,9.9,127,Leukemia
5-9,4.2,249,3.7,31,*a,*a,4.4,137.0,4.1,67,Leukemia
10-14,3.3,208,2.9,24,*a,*a,3.8,128.0,2.5,43,Leukemia
15-19,2.4,156,1.9,17,*a,*a,2.5,83.0,2.5,46,Leukemia
20-24,2.6,168,1.8,16,*a,*a,3.2,102.0,1.9,36,Leukemia
25-29,2.8,205,2.8,34,*a,*a,3.3,104.0,2.2,51,Leukemia
30-34,3.1,218,3.2,42,*a,*a,3.2,92.0,2.8,67,Leukemia
35-39,3.8,259,2.1,27,*a,*a,4.7,128.0,3.8,87,Leukemia
40-44,4.9,305,3.7,45,5.2,19,5.4,139.0,4.6,95,Leukemia
45-49,7.0,434,4.4,54,6.5,24,7.0,171.0,8.2,179,Leukemia
50-54,8.5,528,6.1,68,8.8,35,6.9,151.0,10.4,258,Leukemia
55-59,11.5,722,8.7,94,10.7,45,10.2,194.0,12.9,367,Leukemia
60-64,17.0,983,12.3,124,16.8,63,14.1,216.0,19.3,548,Leukemia
65-69,25.0,"1,231",16.1,141,17.6,52,24.3,277.0,28.4,732,Leukemia
70-74,30.8,"1,211",15.1,101,25.9,57,25.3,205.0,36.7,810,Leukemia
75-79,42.5,"1,150",24.0,107,34.7,53,33.5,184.0,50.1,774,Leukemia
80-84,49.7,946,27.9,91,53.5,58,36.1,139.0,60.0,646,Leukemia
85+,58.0,"1,346",27.3,108,49.0,56,45.2,189.0,70.4,975,Leukemia
<1,*a,*a,*a,*a,*a,*a,*a,*a,*a,*a,Liver
1-4,0.4,19,*a,*a,*a,*a,*a,*a,*a,*a,Liver
5-9,*a,*a,*a,*a,*a,*a,*a,*a,*a,*a,Liver
10-14,*a,*a,*a,*a,*a,*a,*a,*a,*a,*a,Liver
15-19,*a,*a,*a,*a,*a,*a,*a,*a,*a,*a,Liver
20-24,0.2,16,*a,*a,*a,*a,*a,*a,*a,*a,Liver
25-29,0.2,18,*a,*a,*a,*a,*a,*a,*a,*a,Liver
30-34,0.3,21,*a,*a,*a,*a,*a,*a,*a,*a,Liver
35-39,0.7,49,*a,*a,*a,*a,0.7,19,0.7,16,Liver
40-44,1.3,82,2.1,26,*a,*a,1.1,27,1.2,25,Liver
45-49,1.9,118,2.3,28,*a,*a,1.9,47,1.6,36,Liver
50-54,4.6,284,3.9,43,*a,*a,6.3,136,3.5,86,Liver
55-59,9.7,609,8.2,88,7.4,31,14.5,275,7.1,201,Liver
60-64,16.3,947,14.6,147,22.7,85,24.0,367,11.4,323,Liver
65-69,25.3,"1,244",23.6,207,30.9,91,36.5,416,19.5,502,Liver
70-74,28.9,"1,137",34.8,233,25.9,57,47.2,383,19.8,438,Liver
75-79,34.8,943,46.2,206,29.5,45,58.1,319,23.3,360,Liver
80-84,37.1,706,53.6,175,19.4,21,62.6,241,24.0,258,Liver
85+,35.5,825,49.6,196,29.8,34,58.6,245,24.5,339,Liver
<1,*a,*a,*a,*a,*a,*a,*a,*a,*a,*a,Lung and Bronchus Cancer
1-4,*a,*a,*a,*a,*a,*a,*a,*a,*a,*a,Lung and Bronchus Cancer
5-9,*a,*a,*a,*a,*a,*a,*a,*a,*a,*a,Lung and Bronchus Cancer
10-14,*a,*a,*a,*a,*a,*a,*a,*a,*a,*a,Lung and Bronchus Cancer
15-19,*a,*a,*a,*a,*a,*a,*a,*a,*a,*a,Lung and Bronchus Cancer
20-24,0.4,24,*a,*a,*a,*a,*a,*a,*a,*a,Lung and Bronchus Cancer
25-29,0.5,38,*a,*a,*a,*a,0.5,15,0.7,17,Lung and Bronchus Cancer
30-34,0.9,62,*a,*a,*a,*a,0.7,21,0.9,21,Lung and Bronchus Cancer
35-39,2.2,145,3.9,51,*a,*a,1.6,42,1.8,41,Lung and Bronchus Cancer
40-44,4.4,276,6.8,83,5.4,20,3.4,88,4.0,82,Lung and Bronchus Cancer
45-49,10.2,636,16.8,205,13.8,51,6.3,153,10.2,224,Lung and Bronchus Cancer
50-54,20.0,"1,241",24.9,277,31.9,127,11.4,249,23.0,569,Lung and Bronchus Cancer
55-59,44.7,"2,807",43.5,470,72.8,306,23.5,445,54.1,"1,539",Lung and Bronchus Cancer
60-64,79.8,"4,626",68.8,694,128.7,482,42.7,653,95.3,"2,711",Lung and Bronchus Cancer
65-69,128.2,"6,307",105.1,922,178.4,526,67.8,772,155.0,"3,997",Lung and Bronchus Cancer
70-74,189.1,"7,435",129.0,864,240.4,529,107.9,875,230.2,"5,085",Lung and Bronchus Cancer
75-79,262.3,"7,104",174.8,779,295.6,451,141.3,776,324.3,"5,014",Lung and Bronchus Cancer
80-84,282.9,"5,388",202.3,661,284.0,308,167.9,646,346.1,"3,724",Lung and Bronchus Cancer
85+,223.8,"5,195",183.0,723,210.9,241,145.7,609,258.3,"3,577",Lung and Bronchus Cancer
<1,*a,*a,*a,*a,*a,*a,*a,*a,*a,*a,Melanoma of the Skin
1-4,*a,*a,*a,*a,*a,*a,*a,*a,*a,*a,Melanoma of the Skin
5-9,*a,*a,*a,*a,*a,*a,*a,*a,*a,*a,Melanoma of the Skin
10-14,*a,*a,*a,*a,*a,*a,*a,*a,*a,*a,Melanoma of the Skin
15-19,0.7,43,*a,*a,*a,*a,*a,*a,1.4,26,Melanoma of the Skin
20-24,2.3,148,*a,*a,*a,*a,0.6,18,5.0,97,Melanoma of the Skin
25-29,4.6,331,*a,*a,*a,*a,1.2,37,10.3,239,Melanoma of the Skin
30-34,9.3,661,1.3,17,*a,*a,2.9,83,19.0,463,Melanoma of the Skin
35-39,11.7,788,*a,*a,*a,*a,4.1,112,23.5,541,Melanoma of the Skin
40-44,15.8,988,*a,*a,*a,*a,4.5,114,35.2,726,Melanoma of the Skin
45-49,19.3,"1,205",*a,*a,*a,*a,5.7,138,40.5,889,Melanoma of the Skin
50-54,26.0,"1,608",1.9,21,*a,*a,8.4,182,47.5,"1,176",Melanoma of the Skin
55-59,33.0,"2,072",2.9,31,*a,*a,9.7,184,54.7,"1,555",Melanoma of the Skin
60-64,42.6,"2,468",2.3,23,4.0,15,11.6,178,67.6,"1,925",Melanoma of the Skin
65-69,52.6,"2,588",2.3,20,*a,*a,15.5,177,81.5,"2,101",Melanoma of the Skin
70-74,60.5,"2,378",2.7,18,*a,*a,17.8,144,87.6,"1,935",Melanoma of the Skin
75-79,65.9,"1,784",*a,*a,*a,*a,18.0,99,96.2,"1,488",Melanoma of the Skin
80-84,72.6,"1,383",6.1,20,*a,*a,21.6,83,106.9,"1,150",Melanoma of the Skin
85+,70.4,"1,635",*a,*a,*a,*a,19.6,82,102.2,"1,415",Melanoma of the Skin
<1,*a,*a,*a,*a,*a,*a,*a,*a,*a,*a,Myeloma
1-4,*a,*a,*a,*a,*a,*a,*a,*a,*a,*a,Myeloma
5-9,*a,*a,*a,*a,*a,*a,*a,*a,*a,*a,Myeloma
10-14,*a,*a,*a,*a,*a,*a,*a,*a,*a,*a,Myeloma
15-19,*a,*a,*a,*a,*a,*a,*a,*a,*a,*a,Myeloma
20-24,*a,*a,*a,*a,*a,*a,*a,*a,*a,*a,Myeloma
25-29,*a,*a,*a,*a,*a,*a,*a,*a,*a,*a,Myeloma
30-34,0.3,23,*a,*a,*a,*a,*a,*a,*a,*a,Myeloma
35-39,0.8,56,*a,*a,*a,*a,0.9,24,0.8,19,Myeloma
40-44,1.7,107,*a,*a,*a,*a,1.9,48,1.5,31,Myeloma
45-49,3.1,196,2.1,25,10.8,40,3.0,74,2.6,57,Myeloma
50-54,6.2,382,4.9,54,15.8,63,6.4,139,4.8,120,Myeloma
55-59,8.9,560,6.1,66,21.9,92,8.2,156,8.4,238,Myeloma
60-64,13.1,761,7.5,76,30.4,114,15.0,229,11.6,329,Myeloma
65-69,18.9,928,10.0,88,42.7,126,20.5,233,17.7,457,Myeloma
70-74,23.7,933,16.4,110,51.4,113,26.0,211,21.6,478,Myeloma
75-79,29.5,800,16.6,74,68.2,104,29.9,164,28.5,440,Myeloma
80-84,32.5,619,26.6,87,58.1,63,33.8,130,30.5,328,Myeloma
85+,25.8,599,18.0,71,43.8,50,26.3,110,26.0,360,Myeloma
<1,*a,*a,*a,*a,*a,*a,*a,*a,*a,*a,Oral Cavity and Pharynx
1-4,*a,*a,*a,*a,*a,*a,*a,*a,*a,*a,Oral Cavity and Pharynx
5-9,*a,*a,*a,*a,*a,*a,*a,*a,*a,*a,Oral Cavity and Pharynx
10-14,0.3,17,*a,*a,*a,*a,*a,*a,*a,*a,Oral Cavity and Pharynx
15-19,0.5,30,*a,*a,*a,*a,*a,*a,*a,*a,Oral Cavity and Pharynx
20-24,0.7,44,*a,*a,*a,*a,0.5,15,*a,*a,Oral Cavity and Pharynx
25-29,0.9,65,1.6,19,*a,*a,0.7,23,0.9,20,Oral Cavity and Pharynx
30-34,1.3,92,1.7,22,*a,*a,0.7,20,1.6,39,Oral Cavity and Pharynx
35-39,2.4,163,3.8,50,*a,*a,1.6,42,2.6,60,Oral Cavity and Pharynx
40-44,3.4,214,5.3,64,*a,*a,2.3,58,3.6,75,Oral Cavity and Pharynx
45-49,5.0,315,6.2,75,5.7,21,3.5,86,5.7,125,Oral Cavity and Pharynx
50-54,8.0,493,9.2,102,8.5,34,5.0,108,9.6,237,Oral Cavity and Pharynx
55-59,11.7,733,10.3,111,10.2,43,7.4,140,14.6,416,Oral Cavity and Pharynx
60-64,15.7,908,13.9,140,16.6,62,9.9,151,18.4,524,Oral Cavity and Pharynx
65-69,18.7,922,15.5,136,14.9,44,11.9,135,22.5,581,Oral Cavity and Pharynx
70-74,22.3,878,16.7,112,13.2,29,15.3,124,26.8,592,Oral Cavity and Pharynx
75-79,26.7,723,18.2,81,15.7,24,19.5,107,31.9,494,Oral Cavity and Pharynx
80-84,28.3,539,20.5,67,14.8,16,22.9,88,33.1,356,Oral Cavity and Pharynx
85+,31.1,722,25.1,99,*a,*a,21.3,89,35.7,495,Oral Cavity and Pharynx
<1,*a,*a,*a,*a,*a,*a,*a,*a,*a,*a,Pancreas Cancer
1-4,*a,*a,*a,*a,*a,*a,*a,*a,*a,*a,Pancreas Cancer
5-9,*a,*a,*a,*a,*a,*a,*a,*a,*a,*a,Pancreas Cancer
10-14,*a,*a,*a,*a,*a,*a,*a,*a,*a,*a,Pancreas Cancer
15-19,0.4,23,*a,*a,*a,*a,*a,*a,*a,*a,Pancreas Cancer
20-24,0.4,27,*a,*a,*a,*a,0.5,17,*a,*a,Pancreas Cancer
25-29,0.6,43,*a,*a,*a,*a,0.7,22,*a,*a,Pancreas Cancer
30-34,1.0,72,*a,*a,*a,*a,1.1,32,0.7,18,Pancreas Cancer
35-39,1.4,92,1.2,16,*a,*a,1.3,34,1.7,39,Pancreas Cancer
40-44,2.5,158,1.6,20,*a,*a,2.9,73,2.3,47,Pancreas Cancer
45-49,5.0,313,4.4,54,8.9,33,4.5,110,4.9,108,Pancreas Cancer
50-54,8.8,543,6.9,77,11.3,45,8.5,186,9.1,225,Pancreas Cancer
55-59,15.5,976,13.2,142,26.9,113,14.6,276,15.1,429,Pancreas Cancer
60-64,24.8,"1,438",19.8,200,44.6,167,22.8,348,24.7,702,Pancreas Cancer
65-69,39.1,"1,925",32.8,288,53.6,158,38.0,433,39.9,"1,029",Pancreas Cancer
70-74,54.3,"2,137",50.6,339,68.2,150,52.6,427,54.4,"1,201",Pancreas Cancer
75-79,73.2,"1,983",63.7,284,85.2,130,71.4,392,75.2,"1,162",Pancreas Cancer
80-84,87.2,"1,661",76.8,251,90.4,98,81.3,313,91.4,984,Pancreas Cancer
85+,90.2,"2,093",84.3,333,105.0,120,86.9,363,91.1,"1,261",Pancreas Cancer
<1,*a,*a,*a,*a,*a,*a,*a,*a,*a,*a,Prostate Cancer
1-4,*a,*a,*a,*a,*a,*a,*a,*a,*a,*a,Prostate Cancer
5-9,*a,*a,*a,*a,*a,*a,*a,*a,*a,*a,Prostate Cancer
10-14,*a,*a,*a,*a,*a,*a,*a,*a,*a,*a,Prostate Cancer
15-19,*a,*a,*a,*a,*a,*a,*a,*a,*a,*a,Prostate Cancer
20-24,*a,*a,*a,*a,*a,*a,*a,*a,*a,*a,Prostate Cancer
25-29,*a,*a,*a,*a,*a,*a,*a,*a,*a,*a,Prostate Cancer
30-34,*a,*a,*a,*a,*a,*a,*a,*a,*a,*a,Prostate Cancer
35-39,0.3,18,*a,*a,*a,*a,*a,*a,*a,*a,Prostate Cancer
40-44,3.3,212,*a,*a,11.5,44,2.5,68,3.3,74,Prostate Cancer
45-49,17.9,"1,143",7.6,82,57.4,221,11.5,290,20.7,494,Prostate Cancer
50-54,73.5,"4,662",33.2,326,178.6,726,50.6,"1,160",83.1,"2,186",Prostate Cancer
55-59,193.0,"12,060",95.3,891,390.9,"1,617",140.1,"2,674",204.6,"6,046",Prostate Cancer
60-64,348.6,"19,364",187.6,"1,585",629.6,"2,213",262.6,"3,833",358.7,"10,283",Prostate Cancer
65-69,582.0,"25,934",328.4,"2,332",950.0,"2,386",478.0,"4,848",591.4,"14,519",Prostate Cancer
70-74,596.4,"20,288",353.7,"1,875",752.4,"1,286",490.3,"3,288",609.0,"12,246",Prostate Cancer
75-79,594.4,"13,037",355.8,"1,240",634.7,688,510.6,"2,074",603.6,"7,956",Prostate Cancer
80-84,490.3,"6,898",290.9,687,542.2,389,447.3,"1,165",504.7,"4,196",Prostate Cancer
85+,399.6,"5,198",234.5,528,526.8,290,381.4,865,415.2,"3,271",Prostate Cancer
<1,*a,*a,*a,*a,*a,*a,*a,*a,*a,*a,Stomach Cancer
1-4,*a,*a,*a,*a,*a,*a,*a,*a,*a,*a,Stomach Cancer
5-9,*a,*a,*a,*a,*a,*a,*a,*a,*a,*a,Stomach Cancer
10-14,*a,*a,*a,*a,*a,*a,*a,*a,*a,*a,Stomach Cancer
15-19,*a,*a,*a,*a,*a,*a,*a,*a,*a,*a,Stomach Cancer
20-24,0.4,26,*a,*a,*a,*a,*a,*a,*a,*a,Stomach Cancer
25-29,0.7,48,*a,*a,*a,*a,0.9,29,*a,*a,Stomach Cancer
30-34,1.4,100,*a,*a,*a,*a,2.3,64,0.7,17,Stomach Cancer
35-39,2.7,181,2.4,31,4.8,19,4.0,108,1.0,22,Stomach Cancer
40-44,4.3,271,3.3,40,*a,*a,6.6,168,2.1,44,Stomach Cancer
45-49,5.6,350,5.5,67,5.4,20,8.9,215,1.9,42,Stomach Cancer
50-54,8.5,524,8.0,89,8.3,33,12.4,269,4.8,119,Stomach Cancer
55-59,9.9,622,10.2,110,12.6,53,13.9,263,6.3,180,Stomach Cancer
60-64,13.2,766,16.9,170,21.1,79,18.8,288,7.5,213,Stomach Cancer
65-69,16.9,830,20.7,182,20.7,61,24.0,273,11.2,289,Stomach Cancer
70-74,21.5,844,28.8,193,27.3,60,30.9,251,14.8,327,Stomach Cancer
75-79,29.2,791,39.0,174,39.3,60,39.9,219,21.1,327,Stomach Cancer
80-84,32.9,627,45.3,148,50.7,55,45.7,176,22.3,240,Stomach Cancer
85+,37.1,861,56.7,224,53.4,61,54.6,228,24.6,341,Stomach Cancer
<1,*a,*a,*a,*a,*a,*a,*a,*a,*a,*a,Testis Cancer
1-4,0.5,23,*a,*a,*a,*a,*a,*a,*a,*a,Testis Cancer
5-9,*a,*a,*a,*a,*a,*a,*a,*a,*a,*a,Testis Cancer
10-14,0.2,16,*a,*a,*a,*a,*a,*a,*a,*a,Testis Cancer
15-19,4.2,281,*a,*a,*a,*a,6.0,204,2.9,57,Testis Cancer
20-24,12.6,878,6.1,59,*a,*a,17.0,572,10.2,218,Testis Cancer
25-29,17.6,"1,357",5.7,70,2.7,15,22.9,767,18.1,458,Testis Cancer
30-34,16.3,"1,236",6.1,78,3.2,16,18.5,578,19.5,518,Testis Cancer
35-39,13.1,935,4.9,59,5.1,22,11.8,348,18.0,460,Testis Cancer
40-44,8.9,572,4.0,43,*a,*a,7.9,213,12.2,276,Testis Cancer
45-49,5.1,328,2.4,26,*a,*a,3.9,98,7.7,183,Testis Cancer
50-54,4.2,267,2.2,22,*a,*a,2.8,64,6.2,163,Testis Cancer
55-59,3.0,190,*a,*a,*a,*a,2.0,38,4.5,133,Testis Cancer
60-64,2.0,109,*a,*a,*a,*a,1.2,17,2.8,80,Testis Cancer
65-69,1.6,72,*a,*a,*a,*a,*a,*a,2.3,56,Testis Cancer
70-74,1.5,51,*a,*a,*a,*a,*a,*a,1.9,39,Testis Cancer
75-79,1.0,22,*a,*a,*a,*a,*a,*a,*a,*a,Testis Cancer
80-84,1.3,18,*a,*a,*a,*a,*a,*a,*a,*a,Testis Cancer
85+,*a,*a,*a,*a,*a,*a,*a,*a,*a,*a,Testis Cancer
<1,*a,*a,*a,*a,*a,*a,*a,*a,*a,*a,Thyroid Cancer
1-4,*a,*a,*a,*a,*a,*a,*a,*a,*a,*a,Thyroid Cancer
5-9,*a,*a,*a,*a,*a,*a,*a,*a,*a,*a,Thyroid Cancer
10-14,1.5,97,*a,*a,*a,*a,1.8,60,1.2,21,Thyroid Cancer
15-19,4.7,303,5.6,49,*a,*a,4.5,149,5.0,91,Thyroid Cancer
20-24,9.2,600,10.1,92,3.9,17,8.5,274,10.0,193,Thyroid Cancer
25-29,15.3,"1,101",17.0,205,5.6,28,15.6,492,15.1,349,Thyroid Cancer
30-34,22.6,"1,603",21.5,286,8.1,37,23.0,652,23.6,573,Thyroid Cancer
35-39,28.2,"1,903",29.2,379,12.8,51,26.5,717,30.8,708,Thyroid Cancer
40-44,31.2,"1,943",33.7,410,14.7,54,30.9,790,30.8,635,Thyroid Cancer
45-49,31.6,"1,973",34.5,420,19.2,71,32.1,779,30.4,667,Thyroid Cancer
50-54,31.3,"1,941",35.0,389,20.3,81,33.5,729,28.0,694,Thyroid Cancer
55-59,31.0,"1,947",34.6,373,20.9,88,33.2,629,28.6,813,Thyroid Cancer
60-64,29.2,"1,692",33.4,337,18.4,69,31.3,478,27.3,778,Thyroid Cancer
65-69,30.8,"1,516",36.5,320,19.0,56,36.5,416,27.0,696,Thyroid Cancer
70-74,29.3,"1,154",31.5,211,26.8,59,33.4,271,26.7,589,Thyroid Cancer
75-79,24.1,653,24.9,111,16.4,25,28.0,154,22.5,348,Thyroid Cancer
80-84,17.1,326,19.6,64,*a,*a,22.3,86,14.9,160,Thyroid Cancer
85+,10.8,251,13.4,53,*a,*a,13.2,55,9.2,128,Thyroid Cancer
